"Id","Energ_Kcal"
"1",140.939644070622
"2",432.029499984323
"3",142.379922164518
"4",310.461161155263
"5",298.492444735322
"6",65.3387497957413
"7",220.250136558384
"8",128.388878707825
"9",86.4412620437287
"10",121.460496388238
"11",386.977472748058
"12",93.523019373963
"13",116.07289173922
"14",3.36642569205347
"15",218.190296994563
"16",230.549122463451
"17",315.372208748366
"18",357.466630191809
"19",280.75123475679
"20",18.5444241284514
"21",166.360217656246
"22",26.6776393886949
"23",65.4248901267319
"24",893.90822218202
"25",497.602519296228
"26",201.43896200587
"27",18.3623411641713
"28",210.667798619718
"29",432.114072467784
"30",109.748306301712
"31",437.541905195187
"32",195.864168556976
"33",438.213897133746
"34",149.611956899454
"35",104.560535331976
"36",314.06802638525
"37",38.3161549988096
"38",522.689224258832
"39",340.852616643105
"40",126.208391672679
"41",1.8886637025834
"42",115.786755605158
"43",236.221883308353
"44",66.2690532593301
"45",30.9920806248459
"46",38.1909314964127
"47",451.072174933865
"48",135.160579533296
"49",49.9666724456055
"50",372.418417590824
"51",63.3935475146478
"52",163.838956792178
"53",99.2984340530409
"54",22.5475988268997
"55",351.255148267734
"56",35.9418282552263
"57",245.576013848162
"58",233.699571701061
"59",37.5920462754899
"60",326.538018839101
"61",259.365269141556
"62",56.6934474841916
"63",434.850318568415
"64",360.131342636146
"65",121.831527176852
"66",219.743207516709
"67",228.139184888696
"68",125.65428855868
"69",88.6863678495252
"70",382.0068422408
"71",470.50629430511
"72",189.539083457246
"73",186.435883523439
"74",324.950509183237
"75",329.239711724017
"76",85.3423714667467
"77",465.972285945562
"78",392.021607228389
"79",67.5724578307402
"80",254.995911258947
"81",494.971891737732
"82",120.30138837019
"83",194.943240083686
"84",137.69651183991
"85",459.252083164699
"86",218.021961077482
"87",162.308018536167
"88",363.619020926688
"89",186.457339935122
"90",128.535969569553
"91",554.188603922921
"92",134.609650078887
"93",269.955536811574
"94",80.0135619013855
"95",41.0856763400798
"96",82.7896215116373
"97",66.6872117263323
"98",166.308442065799
"99",380.621812359881
"100",126.979577729019
"101",334.177706725576
"102",253.765844872178
"103",16.6502886870776
"104",107.938416015612
"105",337.797817867943
"106",108.448583193119
"107",37.5270078787311
"108",446.940092523981
"109",139.414274334404
"110",377.905443235767
"111",134.333141519704
"112",103.4825412395
"113",193.569125480425
"114",347.604701646971
"115",3.47733628712483
"116",118.069718321133
"117",154.995118889148
"118",194.158060801183
"119",86.581968886238
"120",43.0292145388976
"121",67.6885366624579
"122",177.316340153562
"123",348.419069866648
"124",378.160563490607
"125",476.405173161263
"126",264.52762484286
"127",14.2662916559678
"128",482.995689850295
"129",516.988557964799
"130",92.1522435579597
"131",28.7009303635803
"132",272.609047428434
"133",148.417643356273
"134",2.40905302381636
"135",164.334617538954
"136",176.674727679087
"137",170.894804649981
"138",111.649446785248
"139",381.280739130796
"140",397.623123761894
"141",226.803732491211
"142",381.815588459721
"143",436.297582259834
"144",386.256564903014
"145",886.802336751521
"146",61.6848804540235
"147",313.122565727817
"148",93.2000062424586
"149",21.9191804466126
"150",274.247478408072
"151",271.994457784007
"152",136.800816817426
"153",465.496649982449
"154",325.906437737145
"155",111.54700907691
"156",31.5039171207289
"157",94.7369735137159
"158",506.89930803993
"159",356.844844235806
"160",453.347880663243
"161",308.332283030974
"162",61.4267139591902
"163",128.696963823046
"164",76.0236063235145
"165",153.81487518643
"166",364.230104558161
"167",258.097004283662
"168",299.609539226856
"169",53.7376090619061
"170",61.4257136888576
"171",4.93655244359328
"172",139.663092752947
"173",505.348965039969
"174",177.891544922128
"175",153.55638319734
"176",264.330234968795
"177",287.52133484707
"178",28.1606448607506
"179",69.9016858396962
"180",231.937104612795
"181",216.863920806137
"182",190.900164565409
"183",285.604511683387
"184",180.240263161422
"185",289.326578871183
"186",378.991329149653
"187",26.9378526523906
"188",188.311291241043
"189",423.662143062733
"190",239.757983239515
"191",80.4719306805321
"192",49.5902632790369
"193",120.590743817989
"194",373.800632776422
"195",140.66428243863
"196",211.459979539357
"197",307.785250885285
"198",147.671794618416
"199",228.99621172687
"200",140.012390687423
"201",126.682670510596
"202",368.68602156217
"203",606.852718462589
"204",66.0887837291718
"205",138.001816138195
"206",155.461392440652
"207",252.676375456464
"208",210.889426238276
"209",209.455809045505
"210",1.93634719686225
"211",32.6849512460085
"212",57.8615946483396
"213",189.045868393397
"214",428.1714826895
"215",159.822377111018
"216",593.40621006594
"217",512.363953019917
"218",579.606076840171
"219",502.125952995584
"220",236.789916640247
"221",94.3073266833395
"222",151.146433578728
"223",214.229499250571
"224",147.585483671691
"225",354.93970169625
"226",223.763431643559
"227",285.286292903645
"228",277.29889539588
"229",160.456410377302
"230",45.079834050528
"231",361.343033765719
"232",319.4803506429
"233",239.096716934042
"234",66.3966985490605
"235",154.258604347258
"236",346.598041186234
"237",390.926292813078
"238",266.504017647286
"239",153.054393490565
"240",90.7014003035808
"241",29.7972023831583
"242",262.118691673384
"243",138.60837266042
"244",275.258131205978
"245",215.042414844971
"246",46.0730246254307
"247",459.935649050914
"248",118.214253557905
"249",39.3381391037953
"250",21.6502403193798
"251",71.6477462250045
"252",233.671476330602
"253",343.911747238888
"254",889.70044814057
"255",60.3816584461889
"256",342.003483588736
"257",457.56045825095
"258",275.255322851047
"259",127.714926138928
"260",460.319858726601
"261",362.216313122324
"262",128.350626047468
"263",207.185200513267
"264",420.621062984327
"265",159.804584683136
"266",270.05969280404
"267",271.540417108222
"268",273.294390970542
"269",25.963020418442
"270",271.539140160401
"271",15.0390462921102
"272",325.865569721881
"273",182.274847717227
"274",45.4346434484689
"275",29.8848369482319
"276",155.080196521147
"277",459.25728902432
"278",157.555011236497
"279",43.814945292969
"280",179.000395855122
"281",230.680079577465
"282",639.429392339465
"283",299.900276718055
"284",137.189951163012
"285",37.1690945831682
"286",592.531725265222
"287",187.709214904505
"288",142.498513159762
"289",296.901992709194
"290",233.595695503512
"291",21.6233759588754
"292",384.620779916942
"293",166.37715458268
"294",235.913867988002
"295",281.529140874786
"296",42.9481461228318
"297",155.710579792435
"298",405.883153746896
"299",240.908458276139
"300",19.8611621748357
"301",102.61188442422
"302",173.097361049082
"303",588.875654694306
"304",128.392981798824
"305",179.583715908302
"306",215.463977375625
"307",18.366927465332
"308",17.4602830821196
"309",174.911856540079
"310",30.2139055332043
"311",58.2563797090336
"312",424.919407790933
"313",876.981801537413
"314",123.958828848968
"315",396.853442358561
"316",186.872839901974
"317",113.953357426869
"318",180.831040644148
"319",226.76409661128
"320",384.205884082646
"321",519.831213624356
"322",512.313237890386
"323",241.79135410502
"324",274.414445443672
"325",481.876053353277
"326",386.997421739245
"327",335.097997622085
"328",466.50766664185
"329",64.1514315958494
"330",89.056475653047
"331",21.7376406572935
"332",414.714741221903
"333",309.384174651128
"334",165.033218221303
"335",165.211797574468
"336",340.341455421572
"337",69.3412380383607
"338",91.6462206865521
"339",500.724889873241
"340",240.045475188577
"341",337.881476500253
"342",118.116410258253
"343",134.799062450065
"344",132.969794503645
"345",66.2383094180837
"346",447.919953652672
"347",66.003881400555
"348",158.72712237809
"349",607.725570217247
"350",508.805822761362
"351",732.002035433171
"352",188.991339821804
"353",743.747336382931
"354",877.955400845979
"355",26.1985472684701
"356",163.337987658345
"357",62.8810316338788
"358",497.649119861422
"359",50.0828139074307
"360",330.209625042947
"361",151.534636368964
"362",66.224777002492
"363",32.3187478409499
"364",25.6477803881926
"365",152.993100899645
"366",325.061779974815
"367",380.196356417807
"368",430.932016470528
"369",198.281530645596
"370",157.956351801414
"371",111.686199758445
"372",128.063792914386
"373",291.235526782744
"374",330.292238118251
"375",392.39583634678
"376",145.559990294321
"377",66.5195279012309
"378",67.5210740515889
"379",269.464932558667
"380",76.8534942219887
"381",16.9804681870339
"382",20.9973414042242
"383",711.856011720491
"384",346.246707607133
"385",171.237067034744
"386",580.99967857634
"387",3.07977272103452
"388",189.944295431155
"389",350.9279670093
"390",56.8229664653315
"391",136.834437035656
"392",94.6689285206136
"393",377.802408231002
"394",566.361271309827
"395",345.250030319234
"396",373.678793563131
"397",123.723941002117
"398",459.649970921309
"399",30.3598619909757
"400",156.373579483468
"401",67.3368815588822
"402",337.92240879403
"403",58.1121272928243
"404",427.667971569453
"405",181.613045092
"406",84.1526608765969
"407",267.754759702088
"408",470.763748204702
"409",194.003797619216
"410",119.783593230417
"411",353.666091425579
"412",134.048000363683
"413",56.3588788875187
"414",148.864413576567
"415",335.121640634622
"416",107.117689897276
"417",93.5374893472814
"418",398.37381897065
"419",451.411922424363
"420",191.731276174726
"421",253.235152536243
"422",889.120798133974
"423",48.0678267176557
"424",340.364159249824
"425",193.583676028734
"426",332.267160650528
"427",413.179085129041
"428",283.331109262434
"429",252.064283761725
"430",366.59223297861
"431",44.5886346375212
"432",52.0698159344774
"433",150.912656572173
"434",56.1959857664569
"435",121.214989607214
"436",304.263290977332
"437",285.767964462939
"438",478.73441570665
"439",283.249553173782
"440",35.5045035362685
"441",508.374896543261
"442",132.760177143805
"443",362.662220332857
"444",83.5354551456505
"445",52.3368243842713
"446",388.427931577588
"447",199.174957470965
"448",388.005442168188
"449",266.072567772109
"450",115.036574392828
"451",74.2128072359237
"452",85.4967732822637
"453",449.760375519638
"454",33.8991729642141
"455",557.584272944153
"456",299.860622305474
"457",247.222544102216
"458",224.601056842003
"459",162.894768153579
"460",66.5326799966437
"461",332.504624571516
"462",104.29238979519
"463",207.444791551862
"464",81.8496274967585
"465",173.820745734865
"466",374.062552084664
"467",60.6252234294308
"468",410.981079931467
"469",17.2292902946535
"470",260.728506513746
"471",355.659573455001
"472",338.864302404073
"473",66.6087432447188
"474",227.157158892147
"475",28.5677427223635
"476",141.381868761674
"477",55.3341207018276
"478",232.169594856822
"479",356.984973970448
"480",109.343527261983
"481",255.082456712701
"482",394.543483047978
"483",161.223068199293
"484",246.631163965733
"485",269.754899101797
"486",413.188510148479
"487",63.4916702762378
"488",392.03459181133
"489",22.7270938312055
"490",45.8806515526673
"491",138.596682134378
"492",104.910531495607
"493",151.537612974878
"494",208.467279483151
"495",180.356723086971
"496",329.169532586625
"497",63.0791856339234
"498",47.8204515015597
"499",18.7591320510729
"500",534.224923837875
"501",226.386540290973
"502",276.184164048962
"503",206.122364828155
"504",119.916790662436
"505",76.8258100583622
"506",318.846362583824
"507",123.51286733766
"508",24.6878452457725
"509",163.133576539097
"510",67.6215670871158
"511",53.7805658709277
"512",31.473503991968
"513",302.489950191541
"514",139.536190903781
"515",280.231502770445
"516",160.549397996018
"517",185.26382737142
"518",28.8307953565591
"519",160.032524464839
"520",386.798060423143
"521",66.789392010547
"522",16.9059949997728
"523",29.8873749238931
"524",539.171037099248
"525",131.242936203231
"526",125.887616119861
"527",47.8284634494163
"528",237.326184325582
"529",382.895919008419
"530",144.705101664055
"531",52.0424234618092
"532",95.5603415020187
"533",335.414077342435
"534",343.61419250882
"535",145.71077583952
"536",90.8594945214902
"537",254.887088498484
"538",223.709744130654
"539",419.674408266649
"540",889.49389045733
"541",164.610838254481
"542",403.621462449432
"543",44.6764637714046
"544",65.3593541817269
"545",221.755798644303
"546",532.496067431548
"547",390.237322115758
"548",190.075727840964
"549",515.148090829563
"550",60.4858959648578
"551",410.907048645402
"552",148.984235487604
"553",459.674957938936
"554",353.898203304524
"555",111.063415050872
"556",353.064111430118
"557",161.240226174502
"558",182.240607881263
"559",104.571193168718
"560",45.7754837199169
"561",288.972863236005
"562",74.2196528387116
"563",232.08544179222
"564",207.924485509684
"565",128.092905583167
"566",289.836892127877
"567",92.2587138666101
"568",186.600692953826
"569",129.36215706325
"570",208.973055935138
"571",141.429012446461
"572",391.911228931379
"573",177.629764277396
"574",157.171528075845
"575",55.6811908778945
"576",43.3468952867717
"577",259.211156309593
"578",376.85404587998
"579",162.127721597921
"580",120.400786077012
"581",202.202988717657
"582",128.828797514064
"583",407.650696259358
"584",307.17102008351
"585",218.379519095417
"586",8.10975249535234
"587",388.997914171495
"588",357.367901598317
"589",187.395214499708
"590",146.12281665594
"591",106.854940423202
"592",41.5622873677645
"593",354.773640316755
"594",198.426502173665
"595",307.022160227902
"596",175.415789840103
"597",553.86751011789
"598",131.735800977613
"599",669.584780358002
"600",556.282198877625
"601",49.9592998471378
"602",32.192944668999
"603",37.3463333251148
"604",290.39469882782
"605",36.7963677313725
"606",48.0254710298516
"607",118.015378302269
"608",249.450855160061
"609",282.436845518164
"610",127.902874530397
"611",188.507162285987
"612",882.88077893307
"613",106.375170358883
"614",17.6555414497006
"615",47.3075148307857
"616",379.593099118622
"617",173.288052403011
"618",76.0012904910908
"619",221.276631396133
"620",159.657361787387
"621",381.889879398509
"622",293.770451293175
"623",392.931805024981
"624",46.9895934396391
"625",103.714208731276
"626",77.8599542972275
"627",18.0891162106184
"628",243.429727031138
"629",877.655583195452
"630",867.462928367503
"631",302.493961019304
"632",127.775082465148
"633",355.457604587937
"634",228.740417835511
"635",286.279548277884
"636",56.0047492004724
"637",494.543876844101
"638",54.817162415872
"639",120.994948716323
"640",201.821381692712
"641",102.359190761434
"642",493.154720629127
"643",112.527608778777
"644",78.7156874814302
"645",169.303897232233
"646",228.226801365767
"647",353.673669680885
"648",332.908758287549
"649",257.584901380408
"650",561.612967019537
"651",315.521267479074
"652",236.382439034038
"653",47.3577755600947
"654",303.359549428769
"655",623.392890747582
"656",365.970392692531
"657",371.921540541494
"658",479.526773856009
"659",97.8666085924649
"660",25.4020690193311
"661",108.158754866203
"662",66.6087432447188
"663",44.1566338470897
"664",78.0060657487016
"665",469.948136789657
"666",459.653147105792
"667",117.641376725679
"668",315.439766859132
"669",80.0654109260679
"670",412.343788493315
"671",48.4760854685786
"672",255.753251762063
"673",120.010052298552
"674",108.351055231305
"675",34.2871301564636
"676",195.27685210442
"677",221.315664862713
"678",137.444261270025
"679",619.506733125057
"680",302.443984957071
"681",394.458566064738
"682",73.7024011980529
"683",480.581798529257
"684",103.507280759417
"685",160.356491548469
"686",89.717497753472
"687",98.2047053154919
"688",243.615221950336
"689",199.759509936081
"690",206.753567118629
"691",131.35760517103
"692",64.6784881779783
"693",99.4770766487635
"694",150.069193173508
"695",260.355214396612
"696",94.8655299271169
"697",43.6912597776503
"698",216.701232596213
"699",100.232296792188
"700",396.032361458909
"701",118.541924605858
"702",62.874068754239
"703",39.3349665989205
"704",301.506725174292
"705",87.313240542848
"706",25.7360476534857
"707",874.504389093527
"708",508.176997709645
"709",152.98306764121
"710",532.496067431548
"711",209.646949818291
"712",198.346246500481
"713",356.088779282686
"714",359.108983067083
"715",142.70553373387
"716",66.2817877636626
"717",66.961274431122
"718",226.2252258539
"719",270.07160719199
"720",70.2049111778343
"721",393.858800189326
"722",282.720203937976
"723",316.895095915462
"724",56.5199822430738
"725",145.191776064867
"726",291.333578611071
"727",376.753134412449
"728",135.895382636687
"729",29.8033071765984
"730",240.464521069159
"731",135.706708073962
"732",95.2003483550335
"733",189.112432202231
"734",228.934807218902
"735",192.161725834797
"736",393.835955597425
"737",344.931363020394
"738",491.68017162608
"739",29.5855587701443
"740",162.016516347819
"741",171.103816453444
"742",187.899101086512
"743",60.0239133255012
"744",65.0970125814048
"745",177.209404071704
"746",71.364880757893
"747",369.503404880002
"748",349.095457286212
"749",116.008322772661
"750",113.777208488446
"751",12.9268728378469
"752",62.9093332690744
"753",503.440578223433
"754",362.104831134748
"755",419.458535290054
"756",365.041466498558
"757",231.924265034608
"758",50.736660021411
"759",122.042847193488
"760",29.7127041275971
"761",163.702114519571
"762",333.457506650028
"763",376.81344809124
"764",32.2937863462819
"765",502.219555550077
"766",212.396113190851
"767",251.773284816695
"768",255.474979589244
"769",13.2495644956405
"770",392.778660583749
"771",323.122132579738
"772",133.372872448818
"773",35.4999517067228
"774",97.4613028811839
"775",87.1849891684667
"776",134.555471923181
"777",272.41178186127
"778",465.891381683459
"779",218.898090679939
"780",291.007886762627
"781",150.353557618505
"782",464.383395267896
"783",93.449844079243
"784",68.7881018353933
"785",284.133897340292
"786",439.015470542769
"787",236.796805718525
"788",200.379897481092
"789",29.9126676232433
"790",427.671311380418
"791",152.41806201252
"792",86.8731551599201
"793",460.422010103029
"794",25.3660804910832
"795",200.364176477207
"796",533.732348746474
"797",529.512808347753
"798",55.2169207965471
"799",307.133070814492
"800",168.644805216112
"801",83.6768064182101
"802",328.674562502802
"803",129.250940343147
"804",152.723907170299
"805",461.570309611757
"806",378.33486282789
"807",129.763747397334
"808",104.381349597251
"809",201.34458643964
"810",65.5385472652416
"811",128.138165960442
"812",376.86260998821
"813",31.2879225199145
"814",192.738119371909
"815",706.900723633366
"816",164.641894619942
"817",112.551811551994
"818",14.8052451989966
"819",118.354642486398
"820",388.02331121591
"821",373.466479562545
"822",140.214283505544
"823",199.44227172816
"824",353.502375192729
"825",211.594934602558
"826",389.231475456334
"827",173.695363740503
"828",78.54969151714
"829",381.858949469673
"830",232.737973113284
"831",16.0221069233007
"832",90.2064322034462
"833",203.908045884573
"834",379.186272473195
"835",376.964232719499
"836",55.8119142284328
"837",38.7747990853126
"838",370.701328959932
"839",50.1679923106984
"840",348.598233482159
"841",633.190900105585
"842",275.741620945686
"843",262.745133224282
"844",263.743157483323
"845",70.1373050792053
"846",161.906821879361
"847",215.0774770288
"848",204.771649253899
"849",227.126620161496
"850",17.6917364703597
"851",25.5228140393984
"852",198.392452503024
"853",190.686446338338
"854",21.6180287093627
"855",147.397972937719
"856",75.7013898117035
"857",59.1030208924947
"858",158.890819566313
"859",263.732362972592
"860",237.624050157615
"861",54.5082640504515
"862",100.545813189599
"863",37.724099234677
"864",518.376105264899
"865",16.8246526163347
"866",103.109193025476
"867",501.87838851269
"868",53.4566134866596
"869",140.070995668029
"870",58.5670238930632
"871",173.889734014318
"872",52.3388649139349
"873",128.859986865828
"874",64.3672301366483
"875",83.2051248787949
"876",163.914570781684
"877",81.792927145702
"878",729.559799563759
"879",198.7242366314
"880",276.209450968742
"881",25.3421018372731
"882",194.855507065957
"883",135.981138945219
"884",175.672732596281
"885",188.946829586317
"886",376.005531857273
"887",166.380120411438
"888",454.553303954977
"889",158.810358088153
"890",275.517349793452
"891",335.65831729626
"892",26.5622830830926
"893",157.083383091216
"894",368.582630699697
"895",257.101920290551
"896",446.494906837989
"897",97.2096515266014
"898",81.8356166010228
"899",41.4466476204588
"900",160.867811911423
"901",46.5314398890927
"902",53.9387672713278
"903",236.864834064946
"904",130.627103622633
"905",142.160038078021
"906",464.836868822941
"907",501.440770162933
"908",115.606149764999
"909",402.654911571655
"910",3.44172342492577
"911",131.866736820819
"912",128.092515802673
"913",388.263716549372
"914",229.784165119957
"915",453.590246991501
"916",196.615412187104
"917",381.663937745413
"918",67.3217931201282
"919",373.006421315045
"920",269.159007744665
"921",46.87769907986
"922",63.4756999140973
"923",62.2067018374334
"924",151.869522814386
"925",341.140420662447
"926",145.878611430876
"927",52.7579798790343
"928",177.873869695746
"929",127.185185071667
"930",164.620921010841
"931",246.928307528998
"932",116.84477788789
"933",82.1089693550921
"934",261.536131965481
"935",400.653933135398
"936",376.397987136499
"937",8.07060612921263
"938",50.6093386050788
"939",35.6062252216131
"940",44.8380012488174
"941",376.232411308275
"942",597.040318052338
"943",245.888874608861
"944",200.666881254216
"945",29.6640063175851
"946",259.44833989092
"947",118.944150558864
"948",258.017060127786
"949",112.187884646377
"950",274.712482423743
"951",265.33081757626
"952",71.535061853527
"953",313.700550143621
"954",31.6644260279801
"955",128.524868317512
"956",99.0982366877128
"957",360.902798468066
"958",270.443069712116
"959",896.519602186222
"960",133.882488846164
"961",313.569894952878
"962",195.279036239139
"963",523.144454700888
"964",27.1047752085629
"965",33.7696128124931
"966",339.919899500276
"967",66.5195279012309
"968",51.3105659171354
"969",478.897387305862
"970",155.648457390816
"971",727.483790997017
"972",148.357950185457
"973",53.646559039419
"974",98.8422168943631
"975",335.089779942435
"976",873.543684764226
"977",896.744740825005
"978",480.288680862712
"979",395.530398742379
"980",146.079785748427
"981",399.054413441235
"982",45.0763797689723
"983",290.947309920052
"984",69.8536066488497
"985",268.763714488546
"986",254.862735510816
"987",96.094306856995
"988",105.825346883211
"989",203.821228833243
"990",87.1016234911243
"991",181.029473311995
"992",59.0118090200217
"993",248.543236332584
"994",395.154425322164
"995",232.748941645505
"996",460.674409089409
"997",116.298169750335
"998",27.3003374704526
"999",262.234007417943
"1000",197.915618103802
"1001",94.9787717548362
"1002",498.44921073646
"1003",47.5896317946408
"1004",84.1815845674034
"1005",375.230642591197
"1006",51.7963080821454
"1007",158.978501602341
"1008",452.617474492414
"1009",84.9687418249182
"1010",28.934857389545
"1011",352.500223466879
"1012",147.6392994544
"1013",321.94196303831
"1014",134.767616632511
"1015",51.8826441762266
"1016",199.559502479048
"1017",468.452142285332
"1018",3.8579665712686
"1019",202.119191696655
"1020",236.177328884034
"1021",103.292727607108
"1022",27.0082211447416
"1023",382.762225413842
"1024",172.227931743825
"1025",24.9767803846617
"1026",141.773079744673
"1027",370.506109357038
"1028",572.492656101779
"1029",255.404160744889
"1030",71.0545787872561
"1031",656.276309715268
"1032",407.438828852375
"1033",104.250459996476
"1034",17.4663792756249
"1035",105.055523239025
"1036",70.1830547547824
"1037",340.753495983169
"1038",111.891157585831
"1039",97.6816035723665
"1040",112.518013516204
"1041",243.609944543163
"1042",174.177667683163
"1043",366.441174784558
"1044",356.505648875349
"1045",318.865305520374
"1046",32.3396694271701
"1047",158.036556303492
"1048",432.386764771643
"1049",108.224472448273
"1050",155.401083258655
"1051",282.159475825948
"1052",71.3616303942298
"1053",185.411626759843
"1054",286.607387264667
"1055",50.2195660825755
"1056",393.380436995243
"1057",256.611597578239
"1058",446.780340155764
"1059",19.215606525199
"1060",239.13171976865
"1061",328.61316050637
"1062",394.853083762738
"1063",199.451662103169
"1064",882.507119175617
"1065",358.92368013386
"1066",228.922830176334
"1067",110.203434252838
"1068",837.143139710667
"1069",125.489092901183
"1070",194.303841554708
"1071",16.3903143127479
"1072",76.2865091015825
"1073",294.847037391653
"1074",74.204632965341
"1075",170.75476579514
"1076",192.177681690832
"1077",338.510663095808
"1078",78.731987189113
"1079",176.197581711485
"1080",182.680467763255
"1081",48.7186414986388
"1082",59.356264327268
"1083",200.754664072638
"1084",265.677271404309
"1085",252.435981083135
"1086",149.250911815085
"1087",49.1673364428391
"1088",89.8503050475656
"1089",196.322430836249
"1090",87.9771860624962
"1091",122.09727614518
"1092",275.386321786506
"1093",49.4343631007254
"1094",121.57876787316
"1095",9.1799031093838
"1096",126.085193071301
"1097",50.0339249238639
"1098",113.807350285053
"1099",447.370101409921
"1100",484.919999654734
"1101",161.792434801832
"1102",90.3394806598443
"1103",383.591409380636
"1104",204.377331090611
"1105",168.134013850825
"1106",358.699365730327
"1107",61.3325275521973
"1108",536.878338932841
"1109",242.0344703699
"1110",97.4005342912816
"1111",42.7904145076359
"1112",87.4444349131909
"1113",143.056291385252
"1114",348.170133253897
"1115",315.933476863898
"1116",153.139741571484
"1117",163.089505358239
"1118",108.670647338592
"1119",332.011115259541
"1120",209.322087760075
"1121",346.305516304095
"1122",274.725891408505
"1123",78.3318134624333
"1124",461.583421289396
"1125",221.589184424824
"1126",88.3854598770268
"1127",146.909324960708
"1128",70.9372566355425
"1129",354.998921074508
"1130",285.104020490643
"1131",346.95297910942
"1132",51.316636198019
"1133",886.784552364018
"1134",73.7251751401941
"1135",79.8301356357273
"1136",482.499344798394
"1137",215.831797613045
"1138",232.369345805423
"1139",373.699298575495
"1140",247.854000065176
"1141",100.672721179102
"1142",9.1703151288734
"1143",362.027056318737
"1144",35.7048807079568
"1145",152.152508403416
"1146",490.95735961384
"1147",173.453231778725
"1148",33.0765983045667
"1149",18.1070085203974
"1150",95.8907179627502
"1151",8.12919119239312
"1152",304.795010204011
"1153",446.161944476002
"1154",24.7498848431156
"1155",98.2647865458502
"1156",640.955719902335
"1157",384.510676229718
"1158",71.9277913349543
"1159",499.085820582847
"1160",229.028582904902
"1161",239.765717242541
"1162",114.22523952803
"1163",472.210210020136
"1164",263.216323528179
"1165",358.552725269048
"1166",28.7018019642749
"1167",238.485804265799
"1168",42.3207534462842
"1169",622.968244395346
"1170",248.103862832974
"1171",20.722424233251
"1172",76.2159740610442
"1173",286.905125123847
"1174",181.099895095888
"1175",122.262138246777
"1176",320.902296328554
"1177",116.096699921308
"1178",231.613408732641
"1179",279.20445909849
"1180",103.483886406462
"1181",198.853767965266
"1182",106.821410713825
"1183",117.741268010784
"1184",216.879102853553
"1185",279.97300052647
"1186",83.0684820623354
"1187",382.944212274976
"1188",34.0913332322833
"1189",476.68672446059
"1190",268.087283675566
"1191",397.119948213392
"1192",274.283530263689
"1193",172.032189734728
"1194",169.312230396903
"1195",717.019600658583
"1196",230.777665743732
"1197",208.079796356815
"1198",261.94315773961
"1199",116.016985295281
"1200",238.41358337658
"1201",529.977313630589
"1202",264.605523121252
"1203",270.356995475381
"1204",272.814392356062
"1205",64.2870063608551
"1206",46.2445216617772
"1207",114.11042356883
"1208",175.955499100465
"1209",7.67296104399752
"1210",13.6917733088955
"1211",505.252684505577
"1212",239.868470554583
"1213",236.67315086186
"1214",120.67816447175
"1215",213.056419776306
"1216",111.564750314744
"1217",116.160240176501
"1218",28.2165654780139
"1219",55.3098892951706
"1220",122.325640719357
"1221",211.469709299719
"1222",258.463959949841
"1223",202.749057909614
"1224",222.019404844033
"1225",37.0388747527233
"1226",220.596971226113
"1227",241.23989987714
"1228",258.543968761219
"1229",367.308647046717
"1230",149.973236694085
"1231",192.770508642696
"1232",135.990908866726
"1233",30.3429961176575
"1234",394.615082886494
"1235",133.486742506008
"1236",129.567748151846
"1237",445.970670978083
"1238",230.82072135003
"1239",507.788441873834
"1240",447.952363951799
"1241",205.794193876284
"1242",345.875805570104
"1243",410.283851931398
"1244",56.1312668280724
"1245",288.069654161067
"1246",297.333656853347
"1247",141.905228990851
"1248",391.737428883223
"1249",530.391828202577
"1250",126.992893112164
"1251",193.461562745748
"1252",358.849558459386
"1253",362.278716755082
"1254",458.489377989635
"1255",334.386618211822
"1256",47.806366490439
"1257",128.085443570128
"1258",186.115841489563
"1259",306.513744684652
"1260",238.759199580187
"1261",164.530717678932
"1262",2.24856730327014
"1263",364.932029945116
"1264",73.0922699201059
"1265",68.5616793793075
"1266",58.7821793315466
"1267",54.2345768895066
"1268",407.679807389925
"1269",379.098558442284
"1270",264.580816128695
"1271",65.1811528008868
"1272",264.277522092701
"1273",386.44299340351
"1274",278.971365647309
"1275",149.825735757019
"1276",377.243361919183
"1277",157.853108959742
"1278",474.797686818006
"1279",148.362041426399
"1280",278.761276935302
"1281",48.2109280572997
"1282",50.2892653508509
"1283",387.47886149594
"1284",115.080895326454
"1285",48.8134637106746
"1286",179.572294368761
"1287",210.808158134817
"1288",257.549298971733
"1289",72.9220877761353
"1290",128.292026811369
"1291",425.40248613729
"1292",60.4034029247147
"1293",474.270210647665
"1294",248.036554106486
"1295",51.8521377299286
"1296",251.774090250658
"1297",152.636851336361
"1298",496.412768196668
"1299",58.7136271927709
"1300",453.832835743409
"1301",490.821136514005
"1302",160.807002827213
"1303",21.4737831115667
"1304",147.165522105013
"1305",333.827888397469
"1306",85.0034240174147
"1307",359.417163295287
"1308",68.2299536496541
"1309",88.4361963924604
"1310",234.514471049446
"1311",206.313338240808
"1312",75.6521406714624
"1313",148.069722648328
"1314",407.834727317195
"1315",216.042843720366
"1316",44.7309153444017
"1317",187.322101571651
"1318",14.5664771582037
"1319",164.951322624235
"1320",110.902412538886
"1321",187.355191072218
"1322",504.967946808299
"1323",171.290132336958
"1324",23.9042855638984
"1325",340.24084741767
"1326",97.5323621928476
"1327",305.119844137791
"1328",132.469529453808
"1329",131.255221167115
"1330",265.811771378575
"1331",64.7730573863515
"1332",226.946220088337
"1333",490.605804932617
"1334",357.001081341623
"1335",387.184451405459
"1336",630.484173463744
"1337",458.497256019467
"1338",2.49628324703938
"1339",240.148447531488
"1340",47.7143426450102
"1341",69.4990742028757
"1342",26.7067716464661
"1343",107.001433234738
"1344",77.601084077196
"1345",44.8323261229012
"1346",884.447783782629
"1347",32.9319919841412
"1348",202.292142640316
"1349",233.409193098679
"1350",63.4771278113089
"1351",441.877879599087
"1352",118.189959314711
"1353",209.694904990931
"1354",90.529784100585
"1355",424.019444689186
"1356",132.359892735633
"1357",200.917807269299
"1358",172.903141430224
"1359",324.667163589867
"1360",449.97330855181
"1361",61.5113113035888
"1362",140.917849063456
"1363",591.082460140857
"1364",287.774561371264
"1365",89.8109224656836
"1366",326.262283857349
"1367",509.679978461311
"1368",803.799964850767
"1369",327.7313375864
"1370",182.56998162672
"1371",22.8587138730417
"1372",97.1629155129162
"1373",35.9657899060218
"1374",119.03472753193
"1375",50.4985989720445
"1376",173.972479817109
"1377",82.5463074452617
"1378",62.4710146535703
"1379",153.947498427969
"1380",225.744363513725
"1381",169.775928635999
"1382",509.523814986633
"1383",195.728763066612
"1384",212.398973917518
"1385",232.741962020263
"1386",276.141916617731
"1387",56.3147764219974
"1388",279.659837721818
"1389",362.974403517454
"1390",83.5575237097715
"1391",33.7236742863885
"1392",533.307432850683
"1393",28.0610427873632
"1394",66.8514442746662
"1395",86.6373328925333
"1396",61.8758377483308
"1397",134.122646941053
"1398",228.392779377144
"1399",184.102905454181
"1400",225.643326437054
"1401",36.7071926859168
"1402",493.310451517194
"1403",221.021362973472
"1404",208.200488320822
"1405",23.5156894779523
"1406",201.039047086126
"1407",328.570800709618
"1408",20.0401978686351
"1409",114.266380372823
"1410",201.424647847984
"1411",207.920324794836
"1412",363.202562961721
"1413",30.5124475241269
"1414",139.545895207327
"1415",66.4486267982005
"1416",115.470357028216
"1417",141.051370262028
"1418",30.7942057582393
"1419",37.110576026639
"1420",78.8864350812565
"1421",675.751260295722
"1422",223.144857694066
"1423",175.978408850852
"1424",68.6907936714777
"1425",323.773159043439
"1426",287.970884079284
"1427",103.820920693291
"1428",435.576879509557
"1429",2.32106636192948
"1430",3.92991213868639
"1431",211.978899034778
"1432",340.821565190889
"1433",57.3764022869129
"1434",502.29558273821
"1435",213.136061024749
"1436",358.360984204917
"1437",170.017835539735
"1438",118.946339696175
"1439",210.333459789334
"1440",87.6553906006192
"1441",370.717159102828
"1442",291.518344502919
"1443",337.291546046696
"1444",57.1356944709419
"1445",126.172556347259
"1446",162.790665434311
"1447",155.346168741984
"1448",387.117394032751
"1449",141.072593008927
"1450",381.380959646778
"1451",142.114976278942
"1452",32.4332292456628
"1453",141.260268497814
"1454",626.452814645994
"1455",38.207404612325
"1456",345.761441420635
"1457",309.368778435625
"1458",240.894228511886
"1459",126.03489114643
"1460",200.570127165989
"1461",108.98346187074
"1462",136.522538712163
"1463",199.225829934759
"1464",237.994732312893
"1465",455.554143626547
"1466",381.537980755859
"1467",273.100049067348
"1468",199.848738840699
"1469",242.558495913422
"1470",288.173701023704
"1471",308.422074900211
"1472",291.074553318446
"1473",27.1801861046387
"1474",217.5804286288
"1475",97.5940910392013
"1476",38.2679532230048
"1477",26.1310009603931
"1478",191.59265997195
"1479",170.520236213165
"1480",31.7579306555721
"1481",77.7027174011306
"1482",124.918553663298
"1483",130.445005951131
"1484",362.40616901344
"1485",23.4516430432591
"1486",137.790328697143
"1487",108.253895785318
"1488",221.86147813365
"1489",492.016071951907
"1490",184.786907001107
"1491",99.8408821833143
"1492",247.149924323101
"1493",160.747034065754
"1494",288.837892597738
"1495",264.05245478492
"1496",224.890799040939
"1497",185.061837124526
"1498",41.4202053749894
"1499",36.9893312651744
"1500",277.905167855116
"1501",282.824788045271
"1502",341.336321218591
"1503",54.0856562144894
"1504",446.192051401905
"1505",358.530535318389
"1506",352.008700911568
"1507",198.655936531944
"1508",158.586216929717
"1509",22.1422973043834
"1510",159.441934368749
"1511",83.5787048700343
"1512",62.2403329577544
"1513",517.744976449224
"1514",173.506834364062
"1515",122.260668927388
"1516",42.6552041496012
"1517",223.420942830193
"1518",175.802010455313
"1519",154.229426333564
"1520",383.393135059697
"1521",409.289337300541
"1522",46.7111204709266
"1523",140.573088118574
"1524",495.249601131595
"1525",109.71724784877
"1526",251.938198876343
"1527",89.3356593600009
"1528",265.433845839458
"1529",22.4603255984431
"1530",197.589062337313
"1531",197.54662166268
"1532",205.848245975099
"1533",402.177286447946
"1534",143.6749656975
"1535",143.783336218507
"1536",243.002261813313
"1537",177.013897436115
"1538",896.134214607553
"1539",30.4499322627058
"1540",254.163116059498
"1541",61.5093757858083
"1542",420.841979182394
"1543",295.221713469165
"1544",90.583183483801
"1545",222.170728090686
"1546",51.7645399155101
"1547",243.793775388114
"1548",378.047086835503
"1549",211.308880227252
"1550",519.729313533596
"1551",197.512890225495
"1552",358.800063926734
"1553",126.912138571881
"1554",450.364601361546
"1555",274.962727284197
"1556",65.7125838963001
"1557",153.714213434194
"1558",19.9456145130512
"1559",91.2876287236079
"1560",85.7005275322626
"1561",361.649812538326
"1562",345.110942354971
"1563",109.757810325378
"1564",40.2216651822348
"1565",42.2801349921977
"1566",32.1098935441593
"1567",492.885590420769
"1568",164.070023894218
"1569",452.741552787085
"1570",372.351578133793
"1571",60.316872253087
"1572",244.239903627776
"1573",245.703568492642
"1574",361.688237100137
"1575",236.483184917749
"1576",120.159472302592
"1577",194.355238644198
"1578",221.968272920009
"1579",128.305094474235
"1580",194.041605825689
"1581",64.6490345593213
"1582",412.821709843991
"1583",226.268809826643
"1584",207.051511565838
"1585",2.44739520689791
"1586",288.457443259479
"1587",66.2701111813975
"1588",252.50380099704
"1589",3.96947279164205
"1590",357.0662431531
"1591",402.398764015476
"1592",140.331074579268
"1593",269.832416812981
"1594",408.78280076348
"1595",258.646659548927
"1596",277.696860129409
"1597",194.522018417726
"1598",128.524868317512
"1599",54.4111821004979
"1600",250.627084036576
"1601",155.64667632355
"1602",148.260296292336
"1603",144.26883340174
"1604",485.408837623936
"1605",271.601312985435
"1606",110.261111026585
"1607",266.32588440405
"1608",379.960942042403
"1609",319.988275466015
"1610",291.64634555572
"1611",178.096494287968
"1612",200.135046796927
"1613",168.613205733019
"1614",271.466236267417
"1615",251.887177045125
"1616",147.841847619377
"1617",6.20897500526802
"1618",504.219063508243
"1619",150.854809140964
"1620",246.374109611979
"1621",422.495798253009
"1622",13.0623893166636
"1623",37.3653919496884
"1624",72.4415552124196
"1625",74.1150525655242
"1626",93.6423282006603
"1627",332.083257994162
"1628",163.334525414322
"1629",134.367170370825
"1630",228.102688029
"1631",2.74167792717815
"1632",454.071561148092
"1633",169.878735212727
"1634",143.253472021636
"1635",225.760841130657
"1636",406.81503753677
"1637",214.6215814822
"1638",309.893475510333
"1639",107.503170163578
"1640",98.2922142440639
"1641",304.027519006562
"1642",4.529127935509
"1643",415.834231225874
"1644",477.03559149829
"1645",45.8125652247725
"1646",57.321737443444
"1647",98.4081983222814
"1648",146.940061970213
"1649",252.408661435786
"1650",576.9638908264
"1651",202.590914060852
"1652",39.8061793657894
"1653",15.1350042431922
"1654",75.5612378723655
"1655",150.18928839013
"1656",295.827536257341
"1657",190.421143536604
"1658",163.906974240746
"1659",371.927133710178
"1660",364.57337777663
"1661",191.732063877513
"1662",83.575009886366
"1663",486.048876390762
"1664",241.466665504781
"1665",438.028105201751
"1666",80.3794060739359
"1667",48.9013141983069
"1668",617.233460116403
"1669",112.651336669288
"1670",166.942371444105
"1671",195.748494345331
"1672",250.073267847318
"1673",360.513786696116
"1674",445.670579652296
"1675",128.677324680628
"1676",382.994179621861
"1677",281.345488569093
"1678",373.589097622684
"1679",381.056932764787
"1680",148.933961325924
"1681",323.571741899472
"1682",302.429590684513
"1683",342.262379364874
"1684",160.178068862499
"1685",383.378196678232
"1686",294.433718905751
"1687",287.359729720299
"1688",69.7400144490118
"1689",24.1037669086844
"1690",369.863849850119
"1691",152.756645135213
"1692",341.382305547076
"1693",82.2665985467548
"1694",319.454503976909
"1695",266.907280059309
"1696",6.82710357022921
"1697",178.452208641751
"1698",486.170174912281
"1699",183.618535687981
"1700",597.328148303508
"1701",41.4744996086987
"1702",52.0975971628459
"1703",98.4897765713651
"1704",27.7591726984102
"1705",148.127397357008
"1706",176.511587815467
"1707",887.045422845882
"1708",256.343646047505
"1709",284.809138972701
"1710",895.716617049349
"1711",156.155318708157
"1712",128.673666301939
"1713",46.2694613499925
"1714",28.8717779447575
"1715",148.855371277075
"1716",875.546672052561
"1717",111.992503377524
"1718",547.62307905889
"1719",391.646088984016
"1720",100.096058708525
"1721",107.64881110781
"1722",46.0154103436618
"1723",233.240639357589
"1724",136.554103424699
"1725",263.839526261599
"1726",127.844540730964
"1727",324.273425074926
"1728",279.414274658907
"1729",354.733015719258
"1730",92.9157350751945
"1731",10.5809299298701
"1732",284.103144195646
"1733",500.378448055273
"1734",115.922523417392
"1735",362.237720612355
"1736",601.826165746089
"1737",202.620682112308
"1738",114.067710701853
"1739",136.884168268089
"1740",75.9570679206724
"1741",403.212449217088
"1742",313.997215032358
"1743",461.937451521735
"1744",21.4862315140278
"1745",275.402830876982
"1746",228.752247768302
"1747",227.24169766665
"1748",379.629564165365
"1749",31.66346236439
"1750",187.442231423811
"1751",93.5409463552131
"1752",22.0608701736178
"1753",196.817379595215
"1754",893.780309618576
"1755",20.7725613049532
"1756",197.88370040848
"1757",112.286928933531
"1758",199.674534314933
"1759",504.877939744632
"1760",495.350470548827
"1761",9.10876944417107
"1762",139.600972401866
"1763",118.948985800705
"1764",224.882591960842
"1765",271.160621897284
"1766",104.742320102472
"1767",313.660477925618
"1768",137.426132913475
"1769",244.522671374428
"1770",361.724238257833
"1771",249.158774749413
"1772",185.288873253888
"1773",185.737372428429
"1774",221.842185979391
"1775",39.6543493432553
"1776",223.024504848469
"1777",891.483338957496
"1778",420.016470405891
"1779",462.636148064152
"1780",343.445441416121
"1781",21.9742928932187
"1782",150.132916483109
"1783",113.874380275371
"1784",471.043396122019
"1785",298.2422859392
"1786",130.191908674225
"1787",66.8514437434493
"1788",63.9924359567381
"1789",47.5845388061365
"1790",153.156644570224
"1791",503.325802975097
"1792",198.99161690088
"1793",81.5403145087955
"1794",151.76586304042
"1795",17.4317334351777
"1796",278.657581287071
"1797",341.244710384687
"1798",96.8014608775538
"1799",31.8115698579972
"1800",355.114786757644
"1801",234.090889135817
"1802",98.3087371062904
"1803",86.4217848293238
"1804",172.694240013924
"1805",62.1417160085479
"1806",137.012053196914
"1807",7.06181539437901
"1808",59.1207329325557
"1809",19.9801195026797
"1810",110.334453167991
"1811",354.500832303829
"1812",363.350269180284
"1813",106.724374805824
"1814",202.381818415177
"1815",280.25294994057
"1816",64.9099897452309
"1817",220.14925548042
"1818",302.489950191541
"1819",111.745244382624
"1820",240.883983101691
"1821",287.360113866164
"1822",386.566368750073
"1823",195.197778019505
"1824",380.482155774957
"1825",-32.253702269025
"1826",40.5757307632152
"1827",194.314804914207
"1828",618.862748385412
"1829",218.416694759518
"1830",115.008656770748
"1831",272.006690578442
"1832",259.754162324837
"1833",78.6427544185523
"1834",378.776796562248
"1835",312.89810775101
"1836",15.6761665632238
"1837",140.175841053385
"1838",321.049535201121
"1839",371.648046395244
"1840",485.057199871744
"1841",317.781880352827
"1842",49.3011527884462
"1843",87.1531783620108
"1844",102.122179019788
"1845",128.621193047753
"1846",269.024660024725
"1847",222.522805847503
"1848",46.6215966875338
"1849",244.694868293361
"1850",145.251024713149
"1851",353.472030051113
"1852",428.336109215709
"1853",75.8129457978954
"1854",254.473584716348
"1855",174.084967591137
"1856",324.341196338985
"1857",130.086584749829
"1858",23.9256179005656
"1859",251.707888267955
"1860",188.156614035488
"1861",193.45147759641
"1862",44.6780604778151
"1863",387.990751040214
"1864",113.775568057549
"1865",66.0905482565055
"1866",283.220623934431
"1867",891.425415007434
"1868",252.131600482005
"1869",147.184430654307
"1870",284.726130840053
"1871",230.301377921731
"1872",151.626214451216
"1873",216.812065922098
"1874",101.106635928316
"1875",13.5940804896396
"1876",65.7043856303427
"1877",51.8623711557535
"1878",170.281521024613
"1879",16.1971153872501
"1880",121.845156070359
"1881",231.643719929425
"1882",386.28048837227
"1883",205.184513886217
"1884",302.082375373271
"1885",121.693927256294
"1886",222.923145807442
"1887",305.989755272784
"1888",128.191608664208
"1889",154.81016440314
"1890",20.2836048277237
"1891",98.3068206338624
"1892",72.173510507681
"1893",559.731470393411
"1894",103.910335630851
"1895",266.519289831214
"1896",79.9278230584999
"1897",238.910044845276
"1898",107.632103991442
"1899",66.3292313836623
"1900",287.559285608026
"1901",81.2489995593708
"1902",139.43451521946
"1903",189.267056632978
"1904",37.0048499658216
"1905",381.883694712674
"1906",134.508622712802
"1907",87.5442944355426
"1908",310.402850288906
"1909",486.541519152723
"1910",60.0089062978505
"1911",182.933236808629
"1912",745.132351450043
"1913",509.940613049239
"1914",120.430317673017
"1915",179.872972918506
"1916",200.645173594945
"1917",54.0380258602216
"1918",182.159217997336
"1919",39.7179833250416
"1920",275.724975869167
"1921",207.035511873669
"1922",228.203584847304
"1923",266.137644643365
"1924",270.679982024341
"1925",157.585058503386
"1926",58.0303348413515
"1927",62.2163789895113
"1928",79.0039532367811
"1929",205.095426199357
"1930",73.7586376531234
"1931",275.243274686421
"1932",392.095821023822
"1933",36.6914416711524
"1934",34.4304029360253
"1935",474.340638570704
"1936",881.523395160788
"1937",214.408799357969
"1938",351.164169973693
"1939",231.651794202856
"1940",422.798344715786
"1941",155.556935084698
"1942",279.06899164167
"1943",228.097805160625
"1944",124.677296873237
"1945",118.969418348234
"1946",159.219875744597
"1947",496.474501169362
"1948",208.557821391403
"1949",146.090477939579
"1950",513.757500694134
"1951",390.068687273621
"1952",67.3845623817226
"1953",165.138700768794
"1954",398.912458876354
"1955",130.116792368506
"1956",155.748613259003
"1957",55.3148326029761
"1958",62.8057793637163
"1959",25.9812687267988
"1960",121.802184168049
"1961",876.502311899441
"1962",18.2194056606921
"1963",41.7306393441771
"1964",57.4139158609702
"1965",391.949429195064
"1966",367.072422063336
"1967",20.3173329578175
"1968",44.5535133340647
"1969",357.118498932965
"1970",84.8830023880178
"1971",230.09129607446
"1972",279.505529891604
"1973",472.841996683405
"1974",43.9165668376783
"1975",134.329658914914
"1976",497.380359048736
"1977",115.769819933203
"1978",3.50900068974384
"1979",31.0695653928403
"1980",265.270699151672
"1981",126.362728771638
"1982",322.660639626294
"1983",581.581162292275
"1984",43.8586305169819
"1985",537.072512573574
"1986",371.021484485129
"1987",91.2543025692709
"1988",176.939978511075
"1989",41.9125416286335
"1990",880.61910665175
"1991",150.797727486776
"1992",74.9643622656917
"1993",355.462452428933
"1994",170.974217665461
"1995",179.359704949743
"1996",267.984252374815
"1997",158.166358953664
"1998",358.354276932691
"1999",199.152544777298
"2000",275.688270114684
"2001",885.044950521143
"2002",90.3573277164948
"2003",48.9840665674073
"2004",4.20290569359059
"2005",358.677823794759
"2006",191.166828760376
"2007",3.84751155224793
"2008",16.5858574609221
"2009",538.963460702946
"2010",195.864298718348
"2011",136.166834674087
"2012",56.7969647497609
"2013",75.2970864474769
"2014",2.58929779050824
"2015",512.184049726477
"2016",147.810560255692
"2017",36.7169322864696
"2018",5.84722207371046
"2019",92.3791147433164
"2020",34.1247994177893
"2021",473.954407584492
"2022",155.479505696553
"2023",371.92534664286
"2024",15.7738601795781
"2025",521.295983919107
"2026",380.96812293751
"2027",246.166271654263
"2028",520.178394002139
"2029",364.832182749406
"2030",159.877959601102
"2031",187.106484853149
"2032",42.0323262803998
"2033",182.507859818931
"2034",289.068267143046
"2035",22.5605323924185
"2036",250.717414026195
"2037",236.372406380806
"2038",369.510364734043
"2039",218.62792498175
"2040",24.349919029657
"2041",37.4711193730609
"2042",439.30971595538
"2043",329.848218998342
"2044",357.831327472711
"2045",365.189085493546
"2046",200.710693649753
"2047",418.740514733684
"2048",95.9990900404612
"2049",554.180993412731
"2050",61.7183127812631
"2051",114.491761116447
"2052",241.101368565681
"2053",157.418767982123
"2054",612.306948709293
"2055",80.4289242213321
"2056",64.4627623578061
"2057",40.3962624182589
"2058",45.9267689921507
"2059",36.9030364217016
"2060",121.811614989568
"2061",171.334308539775
"2062",56.0327282685431
"2063",13.9236926010471
"2064",279.968919805107
"2065",32.2750319131
"2066",123.458988734962
"2067",356.130277006762
"2068",267.74572147547
"2069",556.75509366786
"2070",352.640230979726
"2071",26.61818384409
"2072",270.553764246687
"2073",402.246445183666
"2074",248.035794858933
"2075",164.018389357193
"2076",347.204970026116
"2077",885.81828750849
"2078",527.672039099153
"2079",23.9656499435601
"2080",293.293909113196
"2081",198.388886272053
"2082",69.4621821111055
"2083",35.6278289083868
"2084",521.236727007492
"2085",127.006261584992
"2086",289.335336330187
"2087",317.017440846788
"2088",273.131428082993
"2089",189.743279775269
"2090",398.121207334863
"2091",165.23743143705
"2092",408.519940077103
"2093",212.850242855845
"2094",162.29020537363
"2095",315.588003527901
"2096",516.371067890535
"2097",261.200429204042
"2098",167.180606153334
"2099",79.1312406168453
"2100",55.3640029854651
"2101",404.771522163541
"2102",205.846753134582
"2103",140.872656075867
"2104",69.5413933641668
"2105",66.5994999236051
"2106",15.7417878576048
"2107",44.894039706567
"2108",386.851645823582
"2109",205.896406444402
"2110",452.165978538095
"2111",139.248715097866
"2112",19.1914821042165
"2113",25.5868561923339
"2114",86.3862938878764
"2115",262.056001266042
"2116",163.809470681738
"2117",305.62279684186
"2118",485.852043571848
"2119",331.253369362895
"2120",200.596021619998
"2121",104.213438223309
"2122",242.763670343809
"2123",104.098868757158
"2124",505.560641469502
"2125",92.3558761438568
"2126",55.099980551416
"2127",177.120049518507
"2128",237.755845070934
"2129",43.0091039473081
"2130",155.190512240547
"2131",56.7797809358224
"2132",292.787509838815
"2133",231.122844332827
"2134",100.834574634868
"2135",38.5435313463077
"2136",222.600457013452
"2137",31.6554862825304
"2138",120.434196115364
"2139",166.424359194779
"2140",31.226069632451
"2141",26.3936832619162
"2142",380.850830898306
"2143",74.7068888530319
"2144",43.883147468286
"2145",146.96742550423
"2146",316.431656113175
"2147",146.668184131436
"2148",380.123442740491
"2149",563.468335571158
"2150",406.796121770094
"2151",228.657488570884
"2152",376.783350208546
"2153",215.263850869097
"2154",155.866415469443
"2155",144.666392307178
"2156",155.01873818216
"2157",504.110061864756
"2158",492.611614664495
"2159",323.518034494893
"2160",289.344919845431
"2161",411.781460199004
"2162",528.569934253583
"2163",591.433474649926
"2164",243.815681465526
"2165",81.3196529983954
"2166",198.173023665958
"2167",140.596312133428
"2168",86.4805884543857
"2169",252.556285295711
"2170",42.4240803256927
"2171",435.692475712388
"2172",196.787578504405
"2173",407.448528433743
"2174",389.444438375308
"2175",381.450855620933
"2176",497.382411382136
"2177",210.90283747574
"2178",139.137185077933
"2179",271.795172161617
"2180",102.427016732246
"2181",79.8864913761155
"2182",249.492641854099
"2183",5.18929472100549
"2184",280.491359492345
"2185",37.2495800753447
"2186",883.327377206042
"2187",23.6350419240749
"2188",267.09492695244
"2189",359.021087885191
"2190",28.4805201987045
"2191",445.117807515278
"2192",494.351306591911
"2193",248.518356696748
"2194",111.390443165052
"2195",284.700517014529
"2196",343.620134194012
"2197",8.95356374094309
"2198",251.213410679429
"2199",160.81995134462
"2200",432.302681043166
"2201",141.931825724079
"2202",98.9943960631879
"2203",129.178861975832
"2204",133.006314912851
"2205",53.7091626681135
"2206",133.067239720056
"2207",416.401661728841
"2208",625.103028726307
"2209",201.568866882174
"2210",17.5377431054819
"2211",510.560113984943
"2212",253.512463322243
"2213",37.1871672393811
"2214",147.719891841903
"2215",321.463053167184
"2216",344.170780375894
"2217",231.703112104861
"2218",283.991087533172
"2219",240.748946408234
"2220",21.3570629988707
"2221",64.7700084766145
"2222",68.367610027377
"2223",398.466475409816
"2224",58.4717657083009
"2225",180.439924441416
"2226",414.649048509967
"2227",157.062551126791
"2228",85.7622201859871
"2229",293.636739030047
"2230",59.7676731493965
"2231",194.691003240356
"2232",157.009235023337
"2233",559.84184767001
"2234",131.913413157941
"2235",386.069759601088
"2236",69.5943784555289
"2237",476.413501250349
"2238",373.298219521844
"2239",106.275363695424
"2240",363.395548155394
"2241",33.4809234272585
"2242",376.69652329806
"2243",376.317016745488
"2244",387.296966855959
"2245",52.1175474677574
"2246",136.832666545
"2247",111.585543486645
"2248",3.06692713242477
"2249",357.162772704693
"2250",115.197877608029
"2251",182.02549769272
"2252",98.3196490932423
"2253",363.017476856977
"2254",374.062476404045
"2255",334.920423982272
"2256",146.446451716037
"2257",109.842706674777
"2258",51.8596496105034
"2259",50.8356954159879
"2260",153.144156693047
"2261",344.184162656404
"2262",109.503201771142
"2263",361.294073797064
"2264",180.662187947014
"2265",67.8819385830294
"2266",248.43137038352
"2267",172.898845557183
"2268",430.865700406149
"2269",628.062815940601
"2270",179.691401510878
"2271",313.110133985325
"2272",302.231149433913
"2273",309.192664198639
"2274",343.52763908342
"2275",126.0343544592
"2276",238.737020929194
"2277",222.37391785144
"2278",13.9652106808916
"2279",369.259394420069
"2280",374.809435946475
"2281",213.67555415776
"2282",214.026570855485
"2283",71.0911173127108
"2284",365.641579078018
"2285",482.867760891683
"2286",36.4260450698751
"2287",41.8143345447109
"2288",55.6418991924145
"2289",20.8439027723913
"2290",884.346695595988
"2291",2.04021715668218
"2292",359.555332129472
"2293",360.20267275999
"2294",513.062129091139
"2295",446.780762173507
"2296",191.468110565164
"2297",496.48483142188
"2298",183.497193663306
"2299",34.9206673189854
"2300",894.663872617524
"2301",258.456294961265
"2302",80.8764251704545
"2303",355.796932079069
"2304",179.143999168199
"2305",63.079835469707
"2306",52.2921792109288
"2307",408.369613111093
"2308",298.505153838367
"2309",112.678297562052
"2310",223.094367457839
"2311",276.658743514264
"2312",12.2003868975581
"2313",271.883281113423
"2314",496.836053087558
"2315",11.5862855756994
"2316",471.704178620442
"2317",396.826623016436
"2318",99.2337095047224
"2319",243.756240301953
"2320",127.64817748083
"2321",134.134589073328
"2322",133.998086353866
"2323",76.1440735015164
"2324",177.67584940017
"2325",18.1200327044957
"2326",119.346330065381
"2327",18.2184157465028
"2328",103.274574109623
"2329",29.5186239253288
"2330",29.2876857207436
"2331",176.960721374046
"2332",52.789254410431
"2333",269.943602141262
"2334",42.5954548798565
"2335",78.5511523235861
"2336",435.44320512181
"2337",118.775906993821
"2338",195.348908744904
"2339",383.916718382305
"2340",404.245745214441
"2341",216.424807287238
"2342",69.8034002809713
"2343",195.014971859189
"2344",299.174662780228
"2345",25.2889555970575
"2346",70.9725776164585
"2347",313.139716952501
"2348",423.128162212358
"2349",47.7810170492068
"2350",259.782260320006
"2351",367.24683191708
"2352",51.0591442235067
"2353",390.777392456661
"2354",210.214937013711
"2355",235.313374793975
"2356",32.2717652721372
"2357",473.306647746284
"2358",206.378806517688
"2359",69.691847590735
"2360",282.353654955692
"2361",41.8244753499155
"2362",44.4395035088432
"2363",296.915699311164
"2364",72.2353120347998
"2365",40.0956843718192
"2366",223.972069702622
"2367",894.318880025484
"2368",120.572561703693
"2369",50.5517913266319
"2370",293.407947591921
"2371",860.59972436806
"2372",313.013962797611
"2373",446.821664077307
"2374",450.119167722005
"2375",127.802488088186
"2376",379.202560976836
"2377",369.269829392561
"2378",242.826986264092
"2379",128.196244923961
"2380",47.7033462357976
"2381",16.5949909563173
"2382",590.049780795687
"2383",174.811953714628
"2384",75.6772211847811
"2385",22.5013152833322
"2386",2.86414406430074
"2387",383.610820976599
"2388",402.878497026118
"2389",437.260342899979
"2390",105.462128748299
"2391",162.379689315628
"2392",374.417175017943
"2393",108.041127667143
"2394",407.985964417237
"2395",29.1623280803098
"2396",361.108058269477
"2397",358.909493763049
"2398",387.694350523866
"2399",328.295278738255
"2400",67.1651182240351
"2401",350.124254389455
"2402",76.8348912152231
"2403",156.210162219515
"2404",197.480399059443
"2405",163.500764252449
"2406",477.067403508519
"2407",170.418292265365
"2408",555.356442097091
"2409",454.315093957018
"2410",64.3863140084012
"2411",489.93768095783
"2412",498.771249943613
"2413",55.8866533259226
"2414",177.896943644433
"2415",29.3597088442367
"2416",121.21275023336
"2417",191.015944586919
"2418",36.8264091530484
"2419",42.7060359747564
"2420",185.834317368597
"2421",323.169242352464
"2422",374.470813451566
"2423",383.955926390485
"2424",405.620997833349
"2425",257.115529456246
"2426",18.9939144439575
"2427",166.143371104805
"2428",18.8052953086129
"2429",630.965171583348
"2430",543.789780565244
"2431",84.8330304200492
"2432",13.3254786295737
"2433",33.9988429353454
"2434",157.809782836148
"2435",48.6002753577477
"2436",14.9553574272355
"2437",400.529608303234
"2438",324.083033808395
"2439",171.228996966783
"2440",594.69564407998
"2441",137.913887119801
"2442",339.124236104918
"2443",64.1659445621819
"2444",64.2028692382034
"2445",18.9944278056349
"2446",734.878625738363
"2447",47.0717305715306
"2448",200.044681664611
"2449",271.372343830937
"2450",24.6618584863412
"2451",273.267575538573
"2452",420.708255937588
"2453",465.917459469558
"2454",14.3293973417474
"2455",390.849156535613
"2456",59.5125512919795
"2457",493.646391588507
"2458",112.798215321119
"2459",154.680307394368
"2460",73.137666886331
"2461",219.439053842532
"2462",119.635820881227
"2463",891.841223730721
"2464",170.380665371157
"2465",303.501465115104
"2466",117.684782628486
"2467",490.202703129192
"2468",74.9285460285541
"2469",293.426665034585
"2470",463.345824101916
"2471",149.874763895282
"2472",260.133652860805
"2473",91.962540358114
"2474",108.331767229585
"2475",112.682840543516
"2476",77.7551588659654
"2477",84.8288557296675
"2478",293.990943991614
"2479",97.5240297042419
"2480",76.9124099683705
"2481",186.002254492379
"2482",171.511846803253
"2483",200.00515424197
"2484",130.418347547282
"2485",277.16840530292
"2486",540.166982549162
"2487",155.730683057693
"2488",36.6746051842513
"2489",124.969051083469
"2490",333.360394624508
"2491",68.3203200425599
"2492",86.1781422052417
"2493",126.269034613477
"2494",205.705365886793
"2495",300.624117509331
"2496",64.1486278585737
"2497",672.01503677496
"2498",137.322161564651
"2499",351.470621131854
"2500",63.1224555669221
"2501",144.37501727119
"2502",36.7507058798833
"2503",304.310683762514
"2504",111.545098192305
"2505",53.7484628556547
"2506",514.20580488022
"2507",362.055902245136
"2508",153.359893271481
"2509",148.517620793136
"2510",32.6155977235679
"2511",457.613721134893
"2512",206.816055617062
"2513",22.6107560135074
"2514",475.825346165357
"2515",510.975328985032
"2516",114.835043644379
"2517",193.085836976954
"2518",616.608705646445
"2519",310.114383993595
"2520",254.196371484919
"2521",85.0171783508552
"2522",57.2151629297711
"2523",229.806882813261
"2524",204.967080896696
"2525",505.108103099495
"2526",354.079956604744
"2527",28.2192011186388
"2528",286.114559445529
"2529",93.4994608164669
"2530",268.327445823192
"2531",64.4441271734892
"2532",125.83374350705
"2533",291.267167925014
"2534",435.234171233261
"2535",226.265920282133
"2536",51.5765732093281
"2537",94.4490519684967
"2538",69.2886070443802
"2539",211.007316691122
"2540",189.224687734133
"2541",515.742372914974
"2542",22.9367661988159
"2543",89.8950502581869
"2544",228.733082972075
"2545",163.363457339038
"2546",107.701329526537
"2547",23.8860568652355
"2548",111.879336070665
"2549",135.300520563161
"2550",452.897961308896
"2551",209.330634545102
"2552",125.263752734618
"2553",64.8455444186859
"2554",285.311551936266
"2555",61.5328133395045
"2556",367.485754867835
"2557",891.334270155999
"2558",412.641996500256
"2559",47.8358279434216
"2560",190.490068028057
"2561",272.143762346269
"2562",168.973441295953
"2563",260.254708554816
"2564",135.669089979626
"2565",477.233185793212
"2566",347.452480676131
"2567",155.498320548649
"2568",76.9587807708679
"2569",293.646483588984
"2570",85.7115552435169
"2571",41.3251292107523
"2572",205.614668579808
"2573",2.65886073175317
"2574",51.6231790078299
"2575",426.214024575115
"2576",124.726070784324
"2577",160.476553470609
"2578",420.659086376392
"2579",85.5370921328273
"2580",84.4213267622823
"2581",180.736982134498
"2582",12.142795562343
"2583",523.650971171006
"2584",64.9936906268833
"2585",170.146067361461
"2586",15.5499863789278
"2587",449.664745589847
"2588",155.695605686793
"2589",420.661328571237
"2590",118.205390001897
"2591",252.927038579447
"2592",301.513631970964
"2593",45.9862266780252
"2594",308.012669827319
"2595",41.5965916396227
"2596",380.997960732267
"2597",231.887104690318
"2598",76.299243487228
"2599",185.360965009471
"2600",59.3252485318367
"2601",51.0495814953713
"2602",345.84855640218
"2603",40.2986208660229
"2604",160.311148396741
"2605",223.350088724079
"2606",71.9215826959608
"2607",358.889845124772
"2608",66.6794523331158
"2609",250.876946497156
"2610",288.339326651928
"2611",93.3516044941442
"2612",450.842483190765
"2613",333.04772215077
"2614",338.334457847153
"2615",225.353002850867
"2616",391.498259581241
"2617",73.6921823565175
"2618",7.58574377022947
"2619",117.250427750911
"2620",127.712802633041
"2621",371.5479951385
"2622",355.05267665856
"2623",432.414448518728
"2624",278.313532741467
"2625",47.8081348566249
"2626",52.3623905249397
"2627",47.2743777045547
"2628",223.747911780206
"2629",83.9182080903668
"2630",245.204068022025
"2631",208.348794553039
"2632",44.9793912315816
"2633",354.874261649099
"2634",895.742425981965
"2635",504.331719364069
"2636",90.1171856336976
"2637",324.504701848469
"2638",384.866042721478
"2639",367.63910280629
"2640",50.5997144319871
"2641",201.282893028811
"2642",136.358604873374
"2643",208.283991471427
"2644",302.508583441697
"2645",385.711238194388
"2646",424.950823505986
"2647",23.8369160008237
"2648",237.813438209127
"2649",98.053628520984
"2650",463.708806260814
"2651",150.582166711155
"2652",517.718578274595
"2653",108.057322670977
"2654",114.174538307194
"2655",558.175854958637
"2656",206.293166280154
"2657",281.177443462846
"2658",94.2724315544797
"2659",65.1513753402178
"2660",196.030714643003
"2661",115.599841153988
"2662",34.5199299827249
"2663",145.450079626067
"2664",401.808229339203
"2665",125.623433366849
"2666",223.095799319923
"2667",110.990064442387
"2668",393.734309401022
"2669",886.01164532526
"2670",204.185719383143
"2671",170.355959055366
"2672",165.917638207694
"2673",15.0928278407597
"2674",301.834846913097
"2675",435.710722771753
"2676",18.0350836735674
"2677",162.408957748968
"2678",85.5794755936385
"2679",437.093185699013
"2680",420.187492260919
"2681",83.5998435715704
"2682",175.939070816187
"2683",147.602782517253
"2684",163.83339930217
"2685",124.897209840114
"2686",161.039398127973
"2687",166.146925097891
"2688",234.373626234277
"2689",292.177804092554
"2690",28.5418143175584
"2691",464.376572307905
"2692",388.902871643308
"2693",166.562183974221
"2694",75.7065634786459
"2695",34.3111680509882
"2696",245.130823571043
"2697",81.918417945485
"2698",362.036862684407
"2699",60.9564185664402
"2700",410.358129692313
"2701",71.4398008172698
"2702",143.888706776798
"2703",209.649133180698
"2704",181.889117224137
"2705",374.816745321171
"2706",262.744124341068
"2707",30.8197342933881
"2708",324.689689136171
"2709",451.082438852552
"2710",626.99359683726
"2711",29.5436244525279
"2712",517.064370477025
"2713",375.62060322423
"2714",413.845269979817
"2715",330.538910942611
"2716",381.451012588317
"2717",153.216359290378
"2718",889.106083266745
"2719",63.5940084242545
"2720",299.802023558836
"2721",187.892491712344
"2722",409.069051778591
"2723",288.713849008314
"2724",254.0866833339
"2725",250.464778094331
"2726",323.075287770744
"2727",105.204319063864
"2728",168.723271361657
"2729",384.448929842029
"2730",62.96332054718
"2731",36.0875933964108
"2732",34.4676731915365
"2733",267.042549499899
"2734",21.2467952064181
"2735",294.383686911405
"2736",50.8018100520851
"2737",201.360241365435
"2738",25.4504283382841
"2739",130.526205124454
"2740",95.8503363700338
"2741",191.786396373471
"2742",62.0805596581588
"2743",891.387956955574
"2744",49.6342354591283
"2745",84.1307272056392
"2746",184.398950563659
"2747",586.473655990708
"2748",495.219372815487
"2749",108.205995710036
"2750",320.513713762138
"2751",314.360186625466
"2752",100.799030259731
"2753",50.9886423845302
"2754",282.39943592974
"2755",376.648783352529
"2756",385.459047134408
"2757",216.130136020119
"2758",202.1493344681
"2759",606.200527546047
"2760",231.773310732798
"2761",201.479695893031
"2762",166.511013049633
"2763",56.769395325849
"2764",585.773025064883
"2765",342.550779684088
"2766",63.4916702762378
"2767",155.435661922583
"2768",317.72512829458
"2769",363.102377011715
"2770",167.732915311589
"2771",220.817544038333
"2772",239.033623047728
"2773",172.809407429119
"2774",461.848066098938
"2775",110.62171470061
"2776",111.899904503739
"2777",61.5720556124733
"2778",349.602687580792
"2779",53.0712958290817
"2780",145.7717123851
"2781",110.770316163251
"2782",461.197221482122
"2783",341.637696991607
"2784",8.2307253323957
"2785",402.281290734429
"2786",260.548041852
"2787",320.036675585894
"2788",5.75817887253576
"2789",164.94877321145
"2790",273.36265548445
"2791",35.1592305837949
"2792",218.505354674087
"2793",162.258722979722
"2794",57.9844813536904
"2795",190.396235729994
"2796",129.610677476891
"2797",427.676621885559
"2798",115.767235245181
"2799",392.305392182414
"2800",137.018329974059
"2801",147.381668029184
"2802",376.79539498003
"2803",448.939302316096
"2804",53.5005951275886
"2805",2.58322109965791
"2806",27.9903433002265
"2807",237.591895287995
"2808",162.835048066768
"2809",212.419396168708
"2810",17.7539316988757
"2811",14.4871232946965
"2812",202.385794265534
"2813",260.559055186835
"2814",360.768136071893
"2815",287.752542366607
"2816",123.981170540433
"2817",76.6302896816582
"2818",220.288220804385
"2819",41.5076789420676
"2820",20.0033844476749
"2821",280.63539503012
"2822",14.8239219687808
"2823",41.8546351322689
"2824",200.29212276239
"2825",252.16391990528
"2826",238.196632612338
"2827",304.556560841066
"2828",610.48245299781
"2829",239.657267821827
"2830",141.627392341056
"2831",372.845555488069
"2832",175.015999882632
"2833",261.301896470397
"2834",883.038146071695
"2835",214.328569920936
"2836",29.5256611698701
"2837",342.006134819449
"2838",455.692418804971
"2839",75.5395197930383
"2840",256.019834318646
"2841",387.960065793936
"2842",2.77270330022882
"2843",259.338285439343
"2844",114.532792470064
"2845",17.6695260418664
"2846",133.47897157318
"2847",228.356760557619
"2848",139.592257986026
"2849",132.523512742227
"2850",272.114409383972
"2851",268.197375369808
"2852",213.917644275449
"2853",237.916077804888
"2854",438.84474529781
"2855",56.7829817172428
"2856",221.021014864114
"2857",491.613468899667
"2858",348.528479040786
"2859",883.363063598608
"2860",617.026407810886
"2861",73.037968067585
"2862",525.294628127173
"2863",65.5191862877242
"2864",98.3263419802166
"2865",360.402380467604
"2866",334.266248080843
"2867",157.712886650019
"2868",155.463310854456
"2869",18.927051311752
"2870",293.304828612643
"2871",307.167137009894
"2872",502.644071912729
"2873",213.631195932113
"2874",70.2305395917595
"2875",144.176750648509
"2876",49.9272218226043
"2877",167.210215153786
"2878",372.376263259662
"2879",362.40215491471
"2880",474.859244011733
"2881",160.206005281877
"2882",187.053190559708
"2883",66.0098548181694
"2884",47.4639312365804
"2885",52.7236156053081
"2886",187.820066478276
"2887",497.942015600437
"2888",68.4467981844995
"2889",286.620621172745
"2890",80.0553834955114
"2891",359.278118660291
"2892",23.7184987035217
"2893",555.027770964335
"2894",58.3192151404316
"2895",498.378288922742
"2896",80.7305683544894
"2897",327.405853197985
"2898",492.611614664495
"2899",3.10229513468873
"2900",17.3133730900703
"2901",97.4760933298005
"2902",476.724757838032
"2903",240.385669882576
"2904",280.487559497164
"2905",380.861299376951
"2906",182.876182337449
"2907",426.032129698585
"2908",500.399072694096
"2909",270.315142067271
"2910",160.630019564707
"2911",303.726976075341
"2912",132.037495002174
"2913",328.06800479064
"2914",370.158471780509
"2915",41.9263263922676
"2916",141.256678717082
"2917",7.26432882114411
"2918",249.554154810111
"2919",200.17137768984
"2920",33.9416711625816
"2921",279.926721789222
"2922",475.048405216781
"2923",87.6411239463911
"2924",212.893881490151
"2925",228.094296583158
"2926",209.902714527084
"2927",562.863760448249
"2928",21.0196008440117
"2929",304.230547745122
"2930",102.193312174775
"2931",116.290611317131
"2932",286.9651677115
"2933",122.135523457948
"2934",252.779618053001
"2935",385.423736501463
"2936",504.123471188449
"2937",62.3724104452625
"2938",291.410660042317
"2939",88.227179156049
"2940",147.255671971878
"2941",247.667783414211
"2942",40.7591478763815
"2943",27.9920985871845
"2944",172.477677098557
"2945",236.210935118837
"2946",183.07799852346
"2947",156.39651664622
"2948",294.713823184975
"2949",89.6693826376496
"2950",194.327458085526
"2951",143.928779825213
"2952",19.5807459057049
"2953",140.357436522104
"2954",159.59176019537
"2955",41.827024546144
"2956",68.8578925110793
"2957",333.266887842209
"2958",181.867162958483
"2959",495.179152297233
"2960",888.321456756857
"2961",390.396334390532
"2962",493.151841699553
"2963",29.5155110199189
"2964",173.701641339486
"2965",234.98629716388
"2966",294.571518906731
"2967",18.0791347351803
"2968",40.2357994655705
"2969",5.99686347103643
"2970",470.14941104144
"2971",191.094400156575
"2972",437.887017191411
"2973",332.771994840526
"2974",134.057433913461
"2975",184.165292166508
"2976",65.8443169630605
"2977",183.165381043242
"2978",178.078579872625
"2979",19.9330175121799
"2980",310.751557653167
"2981",134.5113227069
"2982",257.055136422137
"2983",6.73563603020286
"2984",139.068882551606
"2985",215.476691647628
"2986",145.871437803698
"2987",221.724611447891
"2988",125.681335873924
"2989",131.215794587011
"2990",318.256130283366
"2991",225.37368400164
"2992",228.060423114911
"2993",404.473140081681
"2994",333.780173116835
"2995",64.3470355371573
"2996",421.711857658485
"2997",31.2542641056645
"2998",167.429058426615
"2999",357.950299615859
"3000",177.267455408722
